intervention_group,outcome_cvd
control,0.33652981720107883
treatment a,0.319482083709726
treatment b,0.3336325553560742
